Data,Horário Coleta,Estação,Tempo atm.,Local de coleta,Sub-família,Tribo,Gênero,Espécie,Visitante,Sexo,n° do indivíduo,Código p/ área,Comp/larg (mm) do vis.,Coletado em,Família da planta,Cor da flor,Mácula da flor,Simetria floral,Guia de Néctar,Aroma,Recurso coletado,Polinizador
13/04/24,10:30,Outono,Sol,R. Caminho da Serra (Z.A.),Apinae,Ancylocelidini,Ancyloscelis,apiformis,Ancyloscelis apiformis,,30,B13,,Ipomoea carnea,Convolvulaceae,purpura,Branca,Actinomorfa,,Não,,
25/01/24,11:00,Verão,Sol,R. Caminho da Serra (Z.A.),Megachilinae,Anthidiini,,sp.1,Anthidiini sp.1,,18,B3,,Ocimum gratissimum,Lamiaceae,Branca,,Zigomorfa,,Não,Pólen,
25/01/24,11:00,Verão,Sol,R. Caminho da Serra (Z.A.),Megachilinae,Anthidiini,,sp.1,Anthidiini sp.1,,19,B4,,Ocimum gratissimum,Lamiaceae,Branca,,Zigomorfa,,Não,Néctar,
25/01/24,11:00,Verão,Sol,R. Caminho da Serra (Z.A.),Megachilinae,Anthidiini,,sp.1,Anthidiini sp.1,,20,B5,,Ocimum gratissimum,Lamiaceae,Branca,,Zigomorfa,,Não,Néctar,
07/01/25,11:10,Verão,Sol,Estrada da Torre (PEM),Megachilinae,Anthidiini,,sp.2,Anthidiini sp.2,,189,,,Croton triqueter,Euphorbiaceae,Branca,,Actinomorfa,,Não,Pólen,
07/01/25,11:10,Verão,Sol,Estrada da Torre (PEM),Megachilinae,Anthidiini,,sp.2,Anthidiini sp.3,,188,,,Croton triqueter,Euphorbiaceae,Branca,,Actinomorfa,,Não,Néctar,
21/09/24,?,Inverno,Sol,R. Caminho da Serra (Z.A.),Apinae,Apini,Apis,mellifera,Apis mellifera,,115,B30,,Andira anthelmia,Fabaceae,Rosa,Branca,Zigomorfa,,Sim,Néctar,
13/12/24,10:00,Primavera,Sol/nuvens,PNMSM (SEDE),Apinae,Meliponini,Apis,mellifera,Apis mellifera,,170,,,Psychotria leiocarpa,Rubiaceae,Branca,Amarela,Actinomorfa,,,Néctar,
07/01/25,12:21,Verão,Sol,Estrada da Torre (PEM),Apinae,Apini,Apis,mellifera,Apis mellifera,,197,,,Croton triqueter,Euphorbiaceae,Branca,,Actinomorfa,,Não,Pólen,
07/01/25,12:21,Verão,Sol,Estrada da Torre (PEM),Apinae,Apini,Apis,mellifera,Apis mellifera,,-,,,Croton triqueter,Euphorbiaceae,Branca,,Actinomorfa,,Não,Néctar,
14/06/24,09:20,Inverno,Sol,Estrada da Torre (PEM),Halictinae,Augochlorini,Ariphanarthra,palpalis,Ariphanarthra palpalis,,72,D3,,Rubus rosifolius,Rosaceae,Branca,,Actinomorfa,,Não,Néctar,
21/06/24,14:00,Inverno,Sol,Estrada da Torre (PEM),Halictinae,Augochlorini,Ariphanarthra,palpalis,Ariphanarthra palpalis,,94,D25,,Rubus rosifolius,Rosaceae,Branca,,Actinomorfa,,Não,Néctar,
21/06/24,14:00,Inverno,Sol,Estrada da Torre (PEM),Halictinae,Augochlorini,Ariphanarthra,palpalis,Ariphanarthra palpalis,,95,D26,,Rubus rosifolius,Rosaceae,Branca,,Actinomorfa,,Não,Néctar,
07/01/25,10:06,Verão,Sol,Estrada da Torre (PEM),Halictinae,Augochlorini,Ariphanarthra,palpalis,Ariphanarthra palpalis,,203,,,Marantaceae,Marantaceae,Branca,Amarela,Assimétrica,,Não,Néctar,
13/04/24,10:45,Outono,Sol,R. Caminho da Serra (Z.A.),Halictinae,Augochlorini,Augochlora,sp.1,Augochlora sp.1,,32,B15,,Ipomoea indica,Convolvulaceae,purpura,Branca,Actinomorfa,,Não,Néctar,
14/04/24,13:00,Outono,Sol,Trilha cachoeira (PEM),Halictinae,Augochlorini,Augochlora,sp.2,Augochlora sp.2,,39,C12,,Acmellla sp.,Asteraceae,Laranja,,Actinommorfa,,Não,Néctar,
07/01/25,09:56,Verão,Sol,Estrada da Torre (PEM),Halictinae,Halictinae,Augochlora,sp.3,Augochlora sp.3,,201,,,Isca de Eucaliptol,,,,,,Sim,Aroma,
28/11/24,13:00,Primavera,Sol,Estrada da Torre (PEM),Halictinae,Augochlorini,Augochlora,sp.4,Augochlora sp.4,,166,D47,,Acmellla sp.,Asteraceae,Amarela,,Actinomorfa,,Não,Néctar,
14/06/24,10:07,Inverno,Sol,Estrada da Torre (PEM),Halictinae,Augochlorini,Augochlorella,sp.1,Augochlorella sp.1,,76,D7,,Rubus rosifolius,Rosaceae,Branca,,Actinomorfa,,,Néctar,
14/06/24,13:11,Inverno,Sol,Estrada da Torre (PEM),Halictinae,Augochlorini,Augochlorella,sp.1,Augochlorella sp.1,,79,D10,,Oxalis debilis,Oxalidaceae,Rosa,,Actinomorfa,,Não,Néctar,
21/06/24,12:40,Inverno,Sol,Estrada da Torre (PEM),Halictinae,Augochlorini,Augochlorella,sp.1,Augochlorella sp.1,,93,D24,,Rubus rosifolius,Rosaceae,Branca,,Actinomorfa,,Não,Néctar,
07/01/25,12:21,Verão,Sol,Estrada da Torre (PEM),Halictinae,Augochlorini,Augochlorella,sp.1,Augochlorella sp.1,,198,,,Croton triqueter,Euphorbiaceae,Branca,,Actinomorfa,,Não,Pólen,
07/01/25,11:17,Verão,Sol,Estrada da Torre (PEM),Halictinae,Augochlorini,Augochlorella,sp.2,Augochlorella sp.2,,192,,,Croton triqueter,Euphorbiaceae,Branca,,Actinomorfa,,Não,Pólen,
13/04/24,10:22,Outono,Sol,R. Caminho da Serra (Z.A.),Halictinae,Augochlorini,Augochloropsis,sp.1,Augochloropsis sp.1,,29,B12,,Cosmos caudatus,Asteraceae,Fúchsia,Amarela,Actinomorfa,,Não,Néctar,
27/09/24,08:35,Primavera,Sol/nuvens,Trilha cachoeira (PEM),Halictinae,Augochlorini,Augochloropsis,sp.2,Augochloropsis sp.2,,116,C15,,Ludwigia sp.,Onagraceae,Amarela,,Actinommorfa,,Não,Néctar,
13/12/24,11:00,Primavera,Sol/nuvens,PNMSM (SEDE),Halictinae,Augochlorini,Augochloropsis,sp.3,Augochloropsis sp.3,,174,,,Piper aduncum,Piperaceae,Branca,,Zigomorfa,,Não,Pólen,
13/12/24,11:40,Primavera,Sol/nuvens,PNMSM (SEDE),Halictinae,Augochlorini,Augochloropsis,sp.4,Augochloropsis sp.4,,178,,,Miconia dodecandra,Melastomataceae,Branca,Amarela,Zigomorfa,,Não,Pólen,
13/12/24,11:40,Primavera,Sol/nuvens,PNMSM (SEDE),Halictinae,Augochlorini,Augochloropsis,sp.4,Augochloropsis sp.4,,179,,,Miconia dodecandra,Melastomataceae,Branca,Amarela,Zigomorfa,,Não,Pólen,
07/01/25,11:10,Verão,Sol,Estrada da Torre (PEM),Halictinae,Augochlorini,Augochloropsis,sp.4,Augochloropsis sp.4,,190,,,Croton triqueter,Euphorbiaceae,Branca,,Actinomorfa,,Não,Pólen,
03/05/24,08:05,Outono,Sol/nuvens,PNMSM (SEDE),Halictinae,Halictinae,Augochloropsis,sp.5,Augochloropsis sp.5,,44,A17,,Miconia calvescens,Melastomataceae,Branca,,Actinomorfa,,Sim,Pólen,
27/09/24,09:15,Primavera,Sol/nuvens,Trilha cachoeira (PEM),Halictinae,Augochlorini,Augochloropsis,sp.6,Augochloropsis sp.6,,117,C16,,Ninho,,,,,,,,
27/09/24,09:15,Primavera,Sol/nuvens,Trilha cachoeira (PEM),Halictinae,Augochlorini,Augochloropsis,sp.6,Augochloropsis sp.6,,118,C17,,Ninho,,,,,,,Suor,
28/11/24,12:29,Primavera,Sol,Estrada da Torre (PEM),Halictinae,Augochlorini,Augochloropsis,sp.6,Augochloropsis sp.6,,163,D44,,Solanum hexandrum,Solanaceae,Lilás,,Actinomorfa,,Não,pólen,
07/01/25,08:44,Verão,Sol,Estrada da Torre (PEM),Apinae,Bombini,Bombus,brasiliensis,Bombus brasiliensis,,187,,,Croton triqueter,Euphorbiaceae,Branca,,Actinomorfa,,Não,Pólen,
16/01/24,10:27,Verão,Sol,R. Caminho da Serra (Z.A.),Apinae,Bombini,Bombus,morio,Bombus morio,,13,B2,,Cosmos sulphureus,Asteraceae,Laranja,,Actinomorfa,,Não,Pólen,
18/05/24,10:00,Outono,Sol,Cond. Chácara do Mendanha,Apinae,Centridini,Centris,sp.1,Centris sp.1,,68,F1,,Tecoma stans,Bignoniaceae,Amarela,Cobre,Zigomorfa,Sim,Não,Néctar,
18/05/24,10:00,Outono,Sol,Cond. Chácara do Mendanha,Apinae,Centridini,Centris,sp.1,Centris sp.1,,69,F2,,Tecoma stans,Bignoniaceae,Amarela,Cobre,Zigomorfa,Sim,Não,Néctar,
18/05/24,10:00,Outono,Sol,Cond. Chácara do Mendanha,Apinae,Centridini,Centris,sp.1,Centris sp.1,,70,F3,,Tecoma stans,Bignoniaceae,Amarela,Cobre,Zigomorfa,Sim,Não,Néctar,
21/09/24,12:00,Inverno,Sol,R. Caminho da Serra (Z.A.),Apinae,Centridini,Centris,sp.1,Centris sp.1,,112,B27,,Andira anthelmia,Fabaceae,Rosa,Branca,Zigomorfa,,Sim,Néctar,
03/11/24,10:20,Primavera,Nublado,R. Caminho da Serra (Z.A.),Apinae,Centridini,Centris,sp.1,Centris sp.1,,125,B31,,Petrea volubilis,Verbenaceae,Lilás,,Zigomorfa,,não,Néctar,
03/11/24,10:35,Primavera,Nublado,R. Caminho da Serra (Z.A.),Apinae,Centridini,Centris,sp.1,Centris sp.1,,127,B33,,Petrea volubilis,Verbenaceae,Lilás,,Zigomorfa,,não,Néctar,
03/11/24,11:00,Primavera,Nublado,R. Caminho da Serra (Z.A.),Apinae,Centridini,Centris,sp.1,Centris sp.1,,128,B34,,Petrea volubilis,Verbenaceae,Lilás,,Zigomorfa,,não,Néctar,
03/11/24,11:30,Primavera,Nublado,R. Caminho da Serra (Z.A.),Apinae,Centridini,Centris,sp.1,Centris sp.1,,129,B35,,Petrea volubilis,Verbenaceae,Lilás,,Zigomorfa,,não,Néctar,
21/09/24,11:00,Inverno,Sol,R. Caminho da Serra (Z.A.),Apinae,Centridini,Centris,sp.2,Centris sp.2,,109,B24,,Andira anthelmia,Fabaceae,Rosa,Branca,Zigomorfa,,Sim,Néctar,
21/09/24,11:40,Inverno,Sol,R. Caminho da Serra (Z.A.),Apinae,Centridini,Centris,sp.2,Centris sp.2,,111,B26,,Andira anthelmia,Fabaceae,Rosa,Branca,Zigomorfa,,Sim,Néctar,
21/09/24,12:00,Inverno,Sol,R. Caminho da Serra (Z.A.),Apinae,Centridini,Centris,sp.2,Centris sp.2,,113,B28,,Andira anthelmia,Fabaceae,Rosa,Branca,Zigomorfa,,Sim,Néctar,
03/05/24,08:05,Outono,Sol/nuvens,PNMSM (SEDE),Halictinae,Halictinae,Ceratalictus,sp.1,Ceratalictus sp.1,,43,A16,,Miconia calvescens,Melastomataceae,Branca,,Actinomorfa,,Sim,Pólen,
13/12/24,11:18,Primavera,Sol/nuvens,PNMSM (SEDE),Halictinae,Augochlorini,Ceratalictus,sp.2,Ceratalictus sp.2,,175,,,Piper aduncum,Piperaceae,Branca,,Zigomorfa,,Não,Pólen,
14/04/24,08:20,Outono,Sol,Trilha cachoeira (PEM),Apinae,Ceratinini,Ceratina,sp.1,Ceratina sp.1,,33,C6,,Acmellla sp.,Asteraceae,Laranja,,Actinommorfa,,Não,Néctar,
14/04/24,08:20,Outono,Sol,Trilha cachoeira (PEM),Apinae,Ceratinini,Ceratina,sp.2,Ceratina sp.2,,34,C7,,Acmellla sp.,Asteraceae,Laranja,,Actinommorfa,,Não,Néctar,
14/04/24,08:20,Outono,Sol,Trilha cachoeira (PEM),Apinae,Ceratinini,Ceratina,sp.2,Ceratina sp.2,,35,C8,,Acmellla sp.,Asteraceae,Laranja,,Actinommorfa,,Não,Néctar,
14/04/24,08:21,Outono,Sol,Trilha cachoeira (PEM),Apinae,Ceratinini,Ceratina,sp.2,Ceratina sp.2,,36,C9,,Acmellla sp.,Asteraceae,Laranja,,Actinommorfa,,Não,Néctar,
14/04/24,08:21,Outono,Sol,Trilha cachoeira (PEM),Apinae,Ceratinini,Ceratina,sp.2,Ceratina sp.2,,37,C10,,Acmellla sp.,Asteraceae,Laranja,,Actinommorfa,,Não,Néctar,
28/11/24,12:00,Primavera,Sol,Estrada da Torre (PEM),Apinae,Ceratinini,Ceratina,sp.3,Ceratina sp.3,,161,D42,,Stachytarpheta sp.,Verbenaceae,Lilás,,Zigomorfa,,Não,Néctar,
28/11/24,12:03,Primavera,Sol,Estrada da Torre (PEM),Apinae,Ceratinini,Ceratina,sp.3,Ceratina sp.3,,162,D43,,Acmellla sp.,Asteraceae,Amarela,,Actinomorfa,,Não,Pólen,
28/11/24,10:15,Primavera,Sol,Estrada da Torre (PEM),Megachilinae,Megachilini,Coelioxys,sp.,Coelioxys sp.,,150,D31,,Acmellla sp.,Asteraceae,Amarela,,Actinomorfa,,Não,Néctar,
14/06/24,11:13,Inverno,Sol,Estrada da Torre (PEM),Halictinae,Halictini,Dialictus,sp.,Dialictus sp.,,78,D9,,Oxalis debilis,Oxalidaceae,Rosa,,Actinomorfa,,Não,Néctar,
21/06/24,12:00,Inverno,Sol,Estrada da Torre (PEM),Halictinae,Halictini,Dialictus,sp.,Dialictus sp.,,92,D23,,Oxalis debilis,Oxalidaceae,Rosa,,Zigomorfa,,Não,Néctar,
27/09/24,13:13,Primavera,Sol/nuvens,Trilha cachoeira (PEM),Apinae,Halictini,Dialictus,sp.,Dialictus sp.,,123,C22,,Pele humana suada,,,,,,,Suor,
28/11/24,11:30,Primavera,Sol,Estrada da Torre (PEM),Halictinae,Halictini,Dialictus,sp.,Dialictus sp.,,155,D36,,Piper aduncum,Piperaceae,Verde,,Assimétrica,,Não,Pólen,
13/12/24,11:18,Primavera,Sol/nuvens,PNMSM (SEDE),Halictinae,Halictini,Dialictus,sp.,Dialictus sp.,,176,,,Piper aduncum,Piperaceae,Branca,,Zigomorfa,,Não,Pólen,
07/01/25,10:30,Verão,Sol,Estrada da Torre (PEM),Apinae,Epicharitini,Epicharis,sp.,Epicharis sp.,,204,,,Manettia mitis,Rubiaceae,Rosa,Branca,Actinomorfa,,,Barro,
19/11/24,09:50,Primavera,Sol/nuvens,Estrada da Torre (PEM),Apinae,Euglossini,Eufriesea,violaceae,Eufriesea violaceae,,143,D28,,Solanum hexandrum,Solanaceae,Lilás,,Actinomorfa,Não,,Pólen, 
16/03/24,10:05,Verão,Sol/nuvens,R. Caminho da Serra (Z.A.),Apinae,Euglossini,Euglossa,sp.,Euglossa sp.,,26,B9,,Ipomoea indica,Convolvulaceae,Púrpura,Branca,Actinomorfa,,Não,Néctar,
03/05/24,09:10,Outono,Sol/nuvens,PNMSM (SEDE),Apinae,Euglossini,Euglossa,sp.,Euglossa sp.,,57,A30,,Spathiphyllum cannifolium,Araceae,Branca,,Actinomorfa,,Sim,Aroma,
13/12/24,07:30,Primavera,Sol/nuvens,PNMSM (SEDE),Apinae,Euglossini,Euglossa,sp.,Euglossa sp.,,169,,,Spathiphyllum cannifolium,Araceae,Branca,,Actinomorfa,,Sim,Aroma,
03/05/24,07:55,Outono,Sol/nuvens,PNMSM (SEDE),Apinae,Euglossini,Eulaema,cingulata,Eulaema cingulata,,42,A15,,Spathiphyllum cannifolium,Araceae,Branca,,Actinomorfa,,Sim,Aroma,
24/01/25,11:15,Verão,Sol,Rio da Lagoa Azul,Apinae,Euglossini,Eulaema,nigrita,Eulaema nigrita,,208,,,Tronco morto e úmido,,,,,,,,
14/04/24,13:00,Outono,Sol,Trilha cachoeira (PEM),Apinae,Exomalopsini,Exomalopsis,sp.1,Exomalopsis sp.1,,38,C11,,Acmellla sp.,Asteraceae,Laranja,,Actinommorfa,,Não,Néctar,
07/01/25,12:21,Verão,Sol,Estrada da Torre (PEM),Apinae,Exomalopsini,Exomalopsis,sp.2,Exomalopsis sp.2,,199,,,Croton triqueter,Euphorbiaceae,Branca,,Actinomorfa,,Não,Pólen,
03/05/24,10:00,Outono,Sol/nuvens,PNMSM (SEDE),Apinae,Meliponini,Leurotrigona,muelleri,Leurotrigona muelleri,,66,A39,,Miconia calvescens,Melastomataceae,Branca,,Actinomorfa,,Sim,Pólen,
03/05/24,10:00,Outono,Sol/nuvens,PNMSM (SEDE),Apinae,Meliponini,Leurotrigona,muelleri,Leurotrigona muelleri,,67,A40,,Miconia calvescens,Melastomataceae,Branca,,Actinomorfa,,Sim,Pólen,
27/09/24,13:13,Primavera,Sol/nuvens,Trilha cachoeira (PEM),Halictinae,Meliponini,Leurotrigona,muelleri,Leurotrigona muelleri,,124,C23,,Pele humana suada,,,,,,,,
07/01/24,13:00,Verão,Sol,R. Caminho da Serra (Z.A.),Megachilinae,Megachilini,Megachile,sp.1,Megachile sp.1,,12,B1,,Cosmos sulphureus,Asteraceae,Laranja,,Actinomorfa,,Não,Pólen,
16/03/24,09:00,Verão,Sol/nuvens,Trilha cachoeira (PEM),Megachilinae,Megachilini,Megachile,sp.2,Megachile sp.2,,21,C4,,Chão,,,,,,,Barro,
16/03/24,09:00,Verão,Sol/nuvens,Trilha cachoeira (PEM),Megachilinae,Megachilini,Megachile,sp.3,Megachile sp.3,,22,C5,,Chão,,,,,,,Barro,
07/01/25,11:42,Verão,Sol,Estrada da Torre (PEM),Megachilinae,Megachilini,Megachile,sp.3,Megachile sp.3,,196,,,Croton triqueter,Euphorbiaceae,Branca,,Actinomorfa,,Não,Pólen,
13/04/24,09:10,Outono,Sol,R. Caminho da Serra (Z.A.),Megachilinae,Megachilini,Megachile,sp.5,Megachile sp.4,,28,B11,,Cosmos sulphureus,Asteraceae,Laranja,,Actinomorfa,,Não,Pólen,
28/11/24,10:15,Primavera,Sol,Estrada da Torre (PEM),Megachilinae,Megachilini,Megachile,sp.4,Megachile sp.5,,149,D30,,Acmellla sp.,Asteraceae,Amarela,,Actinomorfa,,Não,Pólen,
07/01/25,14:24,Verão,Sol,Estrada da Torre (PEM),Megachilinae,Megachilini,Megachile,sp.6,Megachile sp.6,,200,,,Croton triqueter,Euphorbiaceae,Branca,,Actinomorfa,,Não,Pólen,
25/01/24,10:35,Verão,Sol/nuvens,Trilha cachoeira (PEM),Apinae,Meliponini,Melipona,marginata,Melipona marginata carioca,,14,B39,,Chão,,,,,,,Barro,
25/01/24,10:35,Verão,Sol/nuvens,Trilha cachoeira (PEM),Apinae,Meliponini,Melipona,marginata,Melipona marginata carioca,,15,C1,,Chão,,,,,,,Barro,
03/05/24,08:20,Outono,Sol/nuvens,PNMSM (SEDE),Apinae,Meliponini,Melipona,marginata,Melipona marginata carioca,,49,A22,,Miconia calvescens,Melastomataceae,Branca,,Actinomorfa,,Sim,Pólen,
03/05/24,08:20,Outono,Sol/nuvens,PNMSM (SEDE),Apinae,Meliponini,Melipona,marginata,Melipona marginata carioca,,50,A23,,Miconia calvescens,Melastomataceae,Branca,,Actinomorfa,,Sim,Pólen,
03/05/24,08:20,Outono,Sol/nuvens,PNMSM (SEDE),Apinae,Meliponini,Melipona,marginata,Melipona marginata carioca,,51,A24,,Miconia calvescens,Melastomataceae,Branca,,Actinomorfa,,Sim,Pólen,
03/05/24,08:20,Outono,Sol/nuvens,PNMSM (SEDE),Apinae,Meliponini,Melipona,marginata,Melipona marginata carioca,,52,A25,,Miconia calvescens,Melastomataceae,Branca,,Actinomorfa,,Sim,Pólen,
03/05/24,08:20,Outono,Sol/nuvens,PNMSM (SEDE),Apinae,Meliponini,Melipona,marginata,Melipona marginata carioca,,53,A26,,Miconia calvescens,Melastomataceae,Branca,,Actinomorfa,,Sim,Pólen,
03/05/24,08:20,Outono,Sol/nuvens,PNMSM (SEDE),Apinae,Meliponini,Melipona,marginata,Melipona marginata carioca,,54,A27,,Miconia calvescens,Melastomataceae,Branca,,Actinomorfa,,Sim,Pólen,
03/05/24,08:25,Outono,Sol/nuvens,PNMSM (SEDE),Apinae,Meliponini,Melipona,marginata,Melipona marginata carioca,,55,A28,,Miconia calvescens,Melastomataceae,Branca,,Actinomorfa,,Sim,Pólen,
03/05/24,08:25,Outono,Sol/nuvens,PNMSM (SEDE),Apinae,Meliponini,Melipona,marginata,Melipona marginata carioca,,56,A29,,Miconia calvescens,Melastomataceae,Branca,,Actinomorfa,,Sim,Pólen,
08/11/24,07:50,Primavera,Nublado,Trilha cachoeira (PEM),Apinae,Meliponini,Melipona ,marginata,Melipona marginata carioca,,133,C24,,Chão,,,,,,,Barro,
08/11/24,07:50,Primavera,Nublado,Trilha cachoeira (PEM),Apinae,Meliponini,Melipona ,marginata,Melipona marginata carioca,,134,C25,,Chão,,,,,,,Barro,
13/12/24,11:18,Primavera,Sol/nuvens,PNMSM (SEDE),Apinae,Meliponini,Melipona,marginata,Melipona marginata carioca,,177,,,Piper aduncum,Piperaceae,Branca,,Zigomorfa,,Não,Pólen,
07/01/25,11:10,Verão,Sol,Estrada da Torre (PEM),Apinae,Meliponini,Melipona,marginata,Melipona marginata carioca,,191,,,Croton triqueter,Euphorbiaceae,Branca,,Actinomorfa,,Não,Pólen,
07/01/25,11:17,Verão,Sol,Estrada da Torre (PEM),Apinae,Meliponini,Melipona,marginata,Melipona marginata carioca,,193,,,Croton triqueter,Euphorbiaceae,Branca,,Actinomorfa,,Não,Pólen,
25/01/24,10:37,Verão,Sol/nuvens,Trilha cachoeira (PEM),Apinae,Meliponini,Melipona,mondory,Melipona mondury,,17 perdida,C3,,Chão,,,,,,,Barro,
07/01/25,10:54,Verão,Sol,Estrada da Torre (PEM),Apinae,Meliponini,Melipona,Quadrifasciata,Melipona quadrifasciata anthidioides,,205,,,Chão,,,,,,,,
25/01/24,10:37,Verão,Sol/nuvens,Trilha cachoeira (PEM),Apinae,Meliponini,Melipona,sp.,Melipona sp.,,16,C2,,Chão,,,,,,,Barro,
28/11/24,11:42,Primavera,Sol,Estrada da Torre (PEM),Apinae,Meliponini,Melipona,sp.,Melipona sp.,,156,D37,,Chão,,,,,,,Barro,
16/03/24,10:10,Verão,Sol/nuvens,R. Caminho da Serra (Z.A.),Apinae,Emphorini,Melitoma,segmentaria,Melitoma segmentaria,,27,B10,,Ipomoea indica,Convolvulaceae,Púrpura,Branca,Actinomorfa,,Não,Néctar,
13/04/24,10:35,Outono,Sol,R. Caminho da Serra (Z.A.),Apinae,Emphorini,Melitoma,segmentaria,Melitoma segmentaria,,31,B14,,Ipomoea carnea,Convolvulaceae,purpura,Branca,Actinomorfa,,Não,Néctar,
03/11/24,10:30,Primavera,Nublado,R. Caminho da Serra (Z.A.),Apinae,Ericrocidini,Mesoplia,sp.,Mesoplia sp.,,126,B32,,Petrea volubilis,Verbenaceae,Lilás,,Zigomorfa,,não,Néctar,
21/06/24,11:25,Inverno,Sol,Estrada da Torre (PEM),Apinae,Meliponini,Nannotrigona,testaceicornis,Nannotrigona testaceicornis,,90,D21,,,Asteraceae,Verde,,Actinomorfa,,Sim,néctar,
21/06/24,11:25,Inverno,Sol,Estrada da Torre (PEM),Apinae,Meliponini,Nannotrigona,testaceicornis,Nannotrigona testaceicornis,,91,D22,,,Asteraceae,Verde,,Actinomorfa,,Sim,néctar,
21/09/24,10:35,Inverno,Sol,R. Caminho da Serra (Z.A.),Apinae,Meliponini,Nannotrigona,testaceicornis,Nannotrigona testaceicornis,,103,B18,,Andira anthelmia,Fabaceae,Rosa,Branca,Zigomorfa,,Sim,,
21/09/24,10:35,Inverno,Sol,R. Caminho da Serra (Z.A.),Apinae,Meliponini,Nannotrigona,testaceicornis,Nannotrigona testaceicornis,,104,B19,,Andira anthelmia,Fabaceae,Rosa,Branca,Zigomorfa,,Sim,,
07/01/25,11:42,Verão,Sol,Estrada da Torre (PEM),Apinae,Meliponini,Nannotrigona,testaceicornis,Nannotrigona testaceicornis,,195,,,Croton triqueter,Euphorbiaceae,Branca,,Actinomorfa,,Não,Pólen,
03/02/23,09:37,Verão,Sol,PNMSM (SEDE),Apinae,Osirini,Osiris,sp.2,Osiris sp.2,,2,A4,,Maranta leuconeura,Marantaceae,Branca,Lilás,Assimétrica,,Não,Néctar,Sim
17/03/23,9:33,Verão,Sol,PNMSM (SEDE),Apinae,Osirini,Osiris,sp.3,Osiris sp.3,,6,A9,,Maranta cristata,Marantaceae,Branca,Lilás,Assimétrica,,Não,Néctar,Sim
03/02/23,9:26,Verão,Sol,PNMSM (SEDE),Apinae,Osirini,Osiris,variegatus (preta),Osiris variegatus,,1,A3,,Maranta leuconeura,Marantaceae,Branca,Lilás,Assimétrica,,Não,Néctar,Sim
10/02/23,8:50,Verão,Sol,PNMSM (SEDE),Apinae,Osirini,Osiris,variegatus (preta),Osiris variegatus,,3,A5,,Maranta leuconeura,Marantaceae,Branca,Lilás,Assimétrica,,Não,Néctar,Sim
17/03/23,08:11,Verão,Sol,PNMSM (SEDE),Apinae,Osirini,Osiris,variegatus (Testacea),Osiris variegatus,,4,A7,,Maranta cristata,Marantaceae,Branca,Lilás,Assimétrica,,Não,Néctar,Sim
17/03/23,8:31,Verão,Sol,PNMSM (SEDE),Apinae,Osirini,Osiris,variegatus (preta),Osiris variegatus,,5,A8,,Maranta cristata,Marantaceae,Branca,Lilás,Assimétrica,,Não,Néctar,Sim
05/04/23,08:04,Outono,Sol,PNMSM (SEDE),Apinae,Osirini,Osiris,variegatus (Testacea),Osiris variegatus,,7,A10,,Maranta leuconeura,Marantaceae,Branca,Lilás,Assimétrica,,Não,Néctar,Sim
05/04/23,09:10,Outono,Sol,PNMSM (SEDE),Apinae,Osirini,Osiris,variegatus (Testacea),Osiris variegatus,,8,A11,,Maranta leuconeura,Marantaceae,Branca,Lilás,Assimétrica,,Não,Néctar,Sim
17/11/23,10:00,Primavera,Sol/nuvens,PNMSM (SEDE),Apinae,Osirini,Osiris,variegatus (Testacea),Osiris variegatus,,10,A12,,Maranta cristata,Marantaceae,Branca,Lilás,Assimétrica,,Não,Néctar,Sim
02/02/24,10:47,Outono,Sol,PNMSM (SEDE),Apinae,Osirini,Osiris,variegatus (preta),Osiris variegatus,,Soltei,A14,,Maranta leuconeura,Marantaceae,Branca,Lilás,Assimétrica,,Não,Néctar,Sim
03/05/24,08:07,Outono,Sol/nuvens,PNMSM (SEDE),Apinae,Meliponini,Oxytrigona,cagafogo,Oxytrigona cagafogo,,46,A19,,Miconia calvescens,Melastomataceae,Branca,,Actinomorfa,,Sim,Pólen,
03/05/24,08:07,Outono,Sol/nuvens,PNMSM (SEDE),Apinae,Meliponini,Oxytrigona,cagafogo,Oxytrigona cagafogo,,47,A20,,Miconia calvescens,Melastomataceae,Branca,,Actinomorfa,,Sim,Pólen,
21/09/24,12:22,Inverno,Sol,R. Caminho da Serra (Z.A.),Apinae,Meliponini,Oxytrigona,cagafogo,Oxytrigona cagafogo,,114,B29,,Andira anthelmia,Fabaceae,Rosa,Branca,Zigomorfa,,Sim,,
28/11/24,11:45,Primavera,Sol,Estrada da Torre (PEM),Apinae,Meliponini,Oxytrigona,cagafogo,Oxytrigona cagafogo,,158,D39,,Piper aduncum,Piperaceae,Verde,,Assimétrica,,Não,Pólen,
28/11/24,11:45,Primavera,Sol,Estrada da Torre (PEM),Apinae,Meliponini,Oxytrigona,cagafogo,Oxytrigona cagafogo,,159,D40,,Piper aduncum,Piperaceae,Verde,,Assimétrica,,Não,Pólen,
19/11/24,11:20,Primavera,Sol/nuvens,Trilha torre/lagoa azul (PEM),Apinae,Tapinotaspidini,Paratetrapedia,sp.2,Paratetrapedia sp.2,,144,E1,,Caamembeca salicifolia,Polygalaceae,Branca,Amarelo/laranja/vermelha,Zigomorfa,,,Néctar,
19/11/24,11:20,Primavera,Sol/nuvens,Trilha torre/lagoa azul (PEM),Apinae,Tapinotaspidini,Paratetrapedia,sp.2,Paratetrapedia sp.2,,145,E2,,Caamembeca salicifolia,Polygalaceae,Branca,Amarelo/laranja/vermelha,Zigomorfa,,,Néctar,
28/11/24,10:28,Primavera,Sol,Estrada da Torre (PEM),Apinae,Tapinotaspidini,Paratetrapedia,sp.3,Paratetrapedia sp.3,,151,D32,,Stachytarpheta sp.,Verbenaceae,Lilás,,Zigomorfa,,Não,Néctar,
16/12/24,09:58,Primavera,Nublado,Trilha torre/lagoa azul (PEM),Apinae,Tapinotaspidini,Paratetrapedia,sp.3,Paratetrapedia sp.3,,182,,,Psychotria leiocarpa,Rubiaceae,Branca,Amarela,Actinomorfa,,,Néctar,
01/12/23,9:14,Primavera,Sol/nuvens,PNMSM (SEDE),Apinae,Tapinotaspidini,Paratetrapedia,sp.1,Paratetrapedia sp.1,,11,A13,,Maranta cristata,Marantaceae,Branca,Lilás,Assimétrica,,Não,Néctar,Sim
07/01/25,10:42,Verão,Sol,Estrada da Torre (PEM),Apinae,Tetrapediini,Paratetrapedia,sp.3,Paratetrapedia sp.2,,206,,,Solanum hexandrum,Solanaceae,Lilás,Amarelo,Actinomorfa,,Não,Pólen,
03/05/24,08:07,Outono,Sol/nuvens,PNMSM (SEDE),Apinae,Meliponini,Partamona,sp.,Partamona sp.,,45,A18,,Miconia calvescens,Melastomataceae,Branca,,Actinomorfa,,Sim,Pólen,
03/05/24,09:16,Outono,Sol/nuvens,PNMSM (SEDE),Apinae,Meliponini,Partamona,sp.,Partamona sp.,,65,A38,,Miconia calvescens,Melastomataceae,Branca,,Actinomorfa,,Sim,Pólen,
08/11/24,08:00,Primavera,Nublado,Trilha cachoeira (PEM),Apinae,Meliponini,Partamona,sp.,Partamona sp.,,135,C26,,Chão,,,,,,,Barro,
08/11/24,10:11,Primavera,Nublado,Trilha cachoeira (PEM),Apinae,Meliponini,Partamona,sp.,Partamona sp.,,141,C32,,Chão,,,,,,,Barro,
08/11/24,10:11,Primavera,Nublado,Trilha cachoeira (PEM),Apinae,Meliponini,Partamona,sp.,Partamona sp.,,142,C33,,Chão,,,,,,,Barro,
19/11/24,11:35,Primavera,Sol/nuvens,Trilha torre/lagoa azul (PEM),Apinae,Meliponini,Partamona,sp.,Partamona sp.,,146,E3,,Chão,,,,,,,Barro,
14/04/24,13:00,Outono,Sol,Trilha cachoeira (PEM),Apinae,Meliponini,Plebeia,droryana,Plebeia droryana,,40,C13,,Acmellla sp.,Asteraceae,Laranja,,Actinommorfa,,Não,Néctar,
14/04/24,13:00,Outono,Sol,Trilha cachoeira (PEM),Apinae,Meliponini,Plebeia,droryana,Plebeia droryana,,41,C14,,Acmellla sp.,Asteraceae,Laranja,,Actinommorfa,,Não,Néctar,
03/05/24,09:15,Outono,Sol/nuvens,PNMSM (SEDE),Apinae,Meliponini,Plebeia,droryana,Plebeia droryana,,60,A33,,Spathiphyllum cannifolium,Araceae,Branca,,Actinomorfa,,Sim,Pólen,
03/05/24,09:16,Outono,Sol/nuvens,PNMSM (SEDE),Apinae,Meliponini,Plebeia,droryana,Plebeia droryana,,61,A34,,Spathiphyllum cannifolium,Araceae,Branca,,Actinomorfa,,Sim,Pólen,
03/05/24,09:16,Outono,Sol/nuvens,PNMSM (SEDE),Apinae,Meliponini,Plebeia,droryana,Plebeia droryana,,64,A37,,Spathiphyllum cannifolium,Araceae,Branca,,Actinomorfa,,Sim,Pólen,
14/06/24,09:35,Inverno,Sol,Estrada da Torre (PEM),Meliponini,Meliponini,Plebeia,droryana,Plebeia droryana,,74,D5,,Casearia sp.,Salicaceae,Branca,,Actinomorfa,,,,
14/06/24,09:35,Inverno,Sol,Estrada da Torre (PEM),Meliponini,Meliponini,Plebeia,droryana,Plebeia droryana,,75,D6,,Casearia sp.,Salicaceae,Branca,,Actinomorfa,,,,
21/06/24,09:46,Inverno,Sol,Estrada da Torre (PEM),Apinae,Meliponini,Plebeia,droryana,Plebeia droryana,,81,D12,,Begonia convolvulacea,Begoniaceae,Branca,,Zigomorfa,,Não,Pólen,
21/06/24,10:24,Inverno,Sol,Estrada da Torre (PEM),Apinae,Meliponini,Plebeia,droryana,Plebeia droryana,,84,D15,,Begonia huegelii ,Begoniaceae,Branca,,Zigomorfa,,Não,Pólen,
21/06/24,10:24,Inverno,Sol,Estrada da Torre (PEM),Apinae,Meliponini,Plebeia,droryana,Plebeia droryana,,85,D16,,Begonia huegelii ,Begoniaceae,Branca,,Zigomorfa,,Não,Pólen,
21/06/24,10:30,Inverno,Sol,Estrada da Torre (PEM),Apinae,Meliponini,Plebeia,droryana,Plebeia droryana,,86,D17,,Begonia huegelii ,Begoniaceae,Branca,,Zigomorfa,,Não,Pólen,
21/06/24,10:30,Inverno,Sol,Estrada da Torre (PEM),Apinae,Meliponini,Plebeia,droryana,Plebeia droryana,,87,D18,,Begonia huegelii ,Begoniaceae,Branca,,Zigomorfa,,Não,Pólen,
21/06/24,10:30,Inverno,Sol,Estrada da Torre (PEM),Apinae,Meliponini,Plebeia,droryana,Plebeia droryana,,88,D19,,Begonia huegelii ,Begoniaceae,Branca,,Zigomorfa,,Não,Pólen,
21/06/24,10:30,Inverno,Sol,Estrada da Torre (PEM),Apinae,Meliponini,Plebeia,droryana,Plebeia droryana,,89,D20,,Begonia huegelii ,Begoniaceae,Branca,,Zigomorfa,,Não,Pólen,
12/07/24,10:00,Inverno,Sol,PNMSM (SEDE),Apinae,Meliponini,Plebeia,droryana,Plebeia droryana,,97,A41,,Serjania caracasana,Sapindaceae,Branca,Amarela,Actinomorfa,,Sim,Pólen,
12/07/24,10:00,Inverno,Sol,PNMSM (SEDE),Apinae,Meliponini,Plebeia,droryana,Plebeia droryana,,98,A42,,Serjania caracasana,Sapindaceae,Branca,Amarela,Actinomorfa,,,,
12/07/24,10:00,Inverno,Sol,PNMSM (SEDE),Apinae,Meliponini,Plebeia,droryana,Plebeia droryana,,99,A43,,Serjania caracasana,Sapindaceae,Branca,Amarela,Actinomorfa,,,,
21/09/24,10:35,Inverno,Sol,R. Caminho da Serra (Z.A.),Apinae,Meliponini,Plebeia,droryana,Plebeia droryana,,105,B20,,Andira anthelmia,Fabaceae,Rosa,Branca,Zigomorfa,,Sim,,
21/09/24,10:35,Inverno,Sol,R. Caminho da Serra (Z.A.),Apinae,Meliponini,Plebeia,droryana,Plebeia droryana,,106,B21,,Andira anthelmia,Fabaceae,Rosa,Branca,Zigomorfa,,Sim,,
27/09/24,12:44,Primavera,Sol/nuvens,Trilha cachoeira (PEM),Apinae,Meliponini,Plebeia,droryana,Plebeia droryana,,120,C19,,Eriotheca sp.,Malvaceae,Amarela,,Actinomorfa,,,Pólen,
27/09/24,12:44,Primavera,Sol/nuvens,Trilha cachoeira (PEM),Apinae,Meliponini,Plebeia,droryana,Plebeia droryana,,121,C20,,Eriotheca sp.,Malvaceae,Amarela,,Actinomorfa,,,Pólen,
27/09/24,12:44,Primavera,Sol/nuvens,Trilha cachoeira (PEM),Apinae,Meliponini,Plebeia,droryana,Plebeia droryana,,122,C21,,Eriotheca sp.,Malvaceae,Amarela,,Actinomorfa,,,Pólen,
28/11/24,12:30,Primavera,Sol,Estrada da Torre (PEM),Apinae,Meliponini,Plebeia,droryana,Plebeia droryana,,164,D45,,Solanum hexandrum,Solanaceae,Lilás,,Actinomorfa,,Não,pólen,
28/11/24,12:30,Primavera,Sol,Estrada da Torre (PEM),Apinae,Meliponini,Plebeia,droryana,Plebeia droryana,,165,D46,,Solanum hexandrum,Solanaceae,Lilás,,Actinomorfa,,Não,pólen,
13/12/24,10:15,Primavera,Sol/nuvens,PNMSM (SEDE),Apinae,Meliponini,Plebeia,droryana,Plebeia droryana,,172,,,Psychotria leiocarpa,Rubiaceae,Branca,Amarela,Actinomorfa,,,Néctar,
13/12/24,10:30,Primavera,Sol/nuvens,PNMSM (SEDE),Apinae,Meliponini,Plebeia,droryana,Plebeia droryana,,173,,,Psychotria leiocarpa,Rubiaceae,Branca,Amarela,Actinomorfa,,,Néctar,
16/12/22,9:07,Primavera,Sol,PNMSM (SEDE),Apinae,Meliponini,Plebeia,sp.,Plebeia droryana,,Foi pro matheus,A1,,Maranta cristata,Marantaceae,Branca,Lilás,Assimétrica,,Não,Pólen,Sim
10/02/23,10:08,Verão,Sol,PNMSM (SEDE),Apinae,Meliponini,Plebeia,sp.,Plebeia droryana,,Perdido,A6,,Saranthe sp.,Marantaceae,Branca,Amarelo,Assimétrica,,Não,Néctar,Não
03/05/24,08:08,Outono,Sol/nuvens,PNMSM (SEDE),Apinae,Meliponini,Plebeia,remota,Plebeia remota,,48,A21,,Miconia calvescens,Melastomataceae,Branca,,Actinomorfa,,Sim,Pólen,
03/05/24,09:15,Outono,Sol/nuvens,PNMSM (SEDE),Apinae,Meliponini,Plebeia,remota,Plebeia remota,,58,A31,,Spathiphyllum cannifolium,Araceae,Branca,,Actinomorfa,,Sim,Pólen,
03/05/24,09:15,Outono,Sol/nuvens,PNMSM (SEDE),Apinae,Meliponini,Plebeia,remota,Plebeia remota,,59,A32,,Spathiphyllum cannifolium,Araceae,Branca,,Actinomorfa,,Sim,Pólen,
07/01/25,11:17,Verão,Sol,Estrada da Torre (PEM),Apinae,Meliponini,Plebeia,remota,Plebeia remota,,194,,,Croton triqueter,Euphorbiaceae,Branca,,Actinomorfa,,Não,Pólen,
03/05/24,09:16,Outono,Sol/nuvens,PNMSM (SEDE),Apinae,Meliponini,Plebeia,saiqui,Plebeia saiqui,,62,A35,,Spathiphyllum cannifolium,Araceae,Branca,,Actinomorfa,,Sim,Pólen,
03/05/24,09:16,Outono,Sol/nuvens,PNMSM (SEDE),Apinae,Meliponini,Plebeia,saiqui,Plebeia saiqui,,63,A36,,Spathiphyllum cannifolium,Araceae,Branca,,Actinomorfa,,Sim,Pólen,
21/06/24,10:24,Inverno,Sol,Estrada da Torre (PEM),Apinae,Meliponini,Plebeia,saiqui,Plebeia saiqui,,83,D14,,Begonia huegelii ,Begoniaceae,Branca,,Zigomorfa,,Não,Pólen,
12/07/24,10:00,Inverno,Sol,PNMSM (SEDE),Apinae,Meliponini,Plebeia,saiqui,Plebeia saiqui,,100,A44,,Serjania caracasana,Sapindaceae,Branca,Amarela,Actinomorfa,,,,
27/09/24,12:44,Primavera,Sol/nuvens,Trilha cachoeira (PEM),Apinae,Meliponini,Plebeia,saiqui,Plebeia saiqui,,119,C18,,Eriotheca sp.,Malvaceae,Amarela,,Actinomorfa,,,Pólen,
16/12/24,10:00,Primavera,Nublado,Trilha torre/lagoa azul (PEM),Apinae,Osirini,Protosiris,sp.1,Protosiris sp.1,,183,,,Psychotria leiocarpa,Rubiaceae,Branca,Amarela,Actinomorfa,,,Néctar,
16/12/24,14:29,Primavera,Nublado,Trilha torre/lagoa azul (PEM),Apinae,Osirini,Protosiris,sp.1,Protosiris sp.1,,184,,,Psychotria leiocarpa,Rubiaceae,Branca,Amarela,Actinomorfa,,,Néctar,
07/01/25,10:00,Verão,Sol,Estrada da Torre (PEM),Apinae,Osirini,Protosiris,sp.2,Protosiris sp.2,,202,,,Folha de Starchytapheta,Verbenaceae,,,,,Não,Pólen,
19/11/24,12:00,Primavera,Sol/nuvens,Trilha torre/lagoa azul (PEM),Halictinae,Augochlorini,Pseudaugochlora,sp.,Psedaugochlora sp.,,147,E4,,Caamembeca salicifolia,Polygalaceae,Branca,Amarelo/laranja/vermelha,Zigomorfa,,,Néctar,
14/06/24,09:20,Inverno,Sol,Estrada da Torre (PEM),Halictinae,Augochlorini,Rhectomia,sp.,Rhectomia sp.,,73,D4,,Rubus rosifolius,Rosaceae,Branca,,Actinomorfa,,,Néctar,
21/06/24,09:10,Inverno,Sol,Estrada da Torre (PEM),Halictinae,Augochlorini,Rhectomia,sp.,Rhectomia sp.,,80,D11,,Oxalis debilis,Oxalidaceae,Rosa,,Actinomorfa,,Não,Néctar,
21/06/24,14:30,Inverno,Sol,Estrada da Torre (PEM),Halictinae,Augochlorini,Rhectomia,sp.,Rhectomia sp.,,96,D27,,,Rubiaceae,Branca,,Actinomorfa,,Não,Néctar,
16/12/24,09:10,Primavera,Nublado,Trilha torre/lagoa azul (PEM),Apinae,Meliponini,Scaptotrigona,postica,Scaptotrigona postica,,180,,,Ninho,,,,,,,,
16/12/24,09:10,Primavera,Nublado,Trilha torre/lagoa azul (PEM),Apinae,Meliponini,Scaptotrigona,postica,Scaptotrigona postica,,181,,,Ninho,,,,,,,,
08/11/24,08:36,Primavera,Nublado,Trilha cachoeira (PEM),Apinae,Meliponini,Schwarziana,quadripunctata,Schwarziana quadripunctata,,136,C27,,Ninho,,,,,,,,
08/11/24,08:36,Primavera,Nublado,Trilha cachoeira (PEM),Apinae,Meliponini,Schwarziana,quadripunctata,Schwarziana quadripunctata,,137,C28,,Ninho,,,,,,,,
08/11/24,08:36,Primavera,Nublado,Trilha cachoeira (PEM),Apinae,Meliponini,Schwarziana,quadripunctata,Schwarziana quadripunctata,,138,C29,,Ninho,,,,,,,,
08/11/24,08:36,Primavera,Nublado,Trilha cachoeira (PEM),Apinae,Meliponini,Schwarziana,quadripunctata,Schwarziana quadripunctata,,139,C30,,Ninho,,,,,,,,
08/11/24,08:36,Primavera,Nublado,Trilha cachoeira (PEM),Apinae,Meliponini,Schwarziana,quadripunctata,Schwarziana quadripunctata,,140,C31,,Ninho,,,,,,,,
28/11/24,11:10,Primavera,Sol,Estrada da Torre (PEM),Apinae,Meliponini,Schwarziana,quadripunctata,Schwarziana quadripunctata,,152,D33,,Piper aduncum,Piperaceae,Verde,,Assimétrica,,Não,Pólen,
28/11/24,11:45,Primavera,Sol,Estrada da Torre (PEM),Apinae,Meliponini,Schwarziana,quadripunctata,Schwarziana quadripunctata,,157,D38,,Piper aduncum,Piperaceae,Verde,,Assimétrica,,Não,Pólen,
28/11/24,11:10,Primavera,Sol,Estrada da Torre (PEM),Apinae,Meliponini,Tetragona,clavipes,Tetragona clavipes,,153,D34,,Piper aduncum,Piperaceae,Verde,,Assimétrica,,Não,Pólen,
21/09/24,10:35,Inverno,Sol,R. Caminho da Serra (Z.A.),Apinae,Meliponini,Tetragonisca,angustula,Tetragonisca angustula,,102,B17,,Andira anthelmia,Fabaceae,Rosa,Branca,Zigomorfa,,Sim,,
28/11/24,10:05,Primavera,Sol,Estrada da Torre (PEM),Apinae,Meliponini,Tetragonisca,angustula,Tetragonisca angustula,,148,D29,,Piper aduncum,Piperaceae,Verde,,Assimétrica,,Não,Pólen,
28/11/24,11:30,Primavera,Sol,Estrada da Torre (PEM),Apinae,Meliponini,Tetragonisca,angustula,Tetragonisca angustula,,154,D35,,Piper aduncum,Piperaceae,Verde,,Assimétrica,,Não,Pólen,
16/12/24,09:33,Primavera,Nublado,Trilha torre/lagoa azul (PEM),Apinae,Meliponini,Tetragonisca,angustula,Tetragonisca angustula,,-,,,Malpighiaceae amarela,Malpighiaceae,Amarela,,,,Não,,
07/01/25,08:38,Verão,Sol,Estrada da Torre (PEM),Apinae,Tetrapediini,Tetrapedia,sp.,Tetrapedia sp.,,185,,,Croton triqueter,Euphorbiaceae,Branca,,Actinomorfa,,Não,Pólen,
07/01/25,08:38,Verão,Sol,Estrada da Torre (PEM),Apinae,Tetrapediini,Tetrapedia,sp.,Tetrapedia sp.,,186,,,Croton triqueter,Euphorbiaceae,Branca,,Actinomorfa,,Não,Pólen,
16/03/24,09:13,Verão,Sol/nuvens,R. Caminho da Serra (Z.A.),Apinae,Eucerini,Thygater,sp.1,Thygater sp.1,,23,B6,,Ipomoea indica,Convolvulaceae,Púrpura,Branca,Actinomorfa,,Não,Néctar,
03/11/24,12:30,Primavera,Nublado,R. Caminho da Serra (Z.A.),Apinae,Eucerini,Thygater,sp.1,Thygater sp.1,,130,B36,,Petrea volubilis,Verbenaceae,Lilás,,Zigomorfa,,não,Néctar,
16/03/24,10:00,Verão,Sol/nuvens,R. Caminho da Serra (Z.A.),Apinae,Eucerini,Thygater,sp.2,Thygater sp.2,,24,B7,,Ipomoea indica,Convolvulaceae,Púrpura,Branca,Actinomorfa,,Não,Néctar,
16/03/24,10:03,Verão,Sol/nuvens,R. Caminho da Serra (Z.A.),Apinae,Eucerini,Thygater,sp.2,Thygater sp.2,,25,B8,,Ipomoea indica,Convolvulaceae,Púrpura,Branca,Actinomorfa,,Não,Néctar,
03/11/24,13:00,Primavera,Nublado,R. Caminho da Serra (Z.A.),Apinae,Eucerini,Thygater,sp.2,Thygater sp.2,,131,B37,,Petrea volubilis,Verbenaceae,Lilás,,Zigomorfa,,não,Néctar,
03/11/24,13:00,Primavera,Nublado,R. Caminho da Serra (Z.A.),Apinae,Eucerini,Thygater,sp.2,Thygater sp.2,,132,B38,,Petrea volubilis,Verbenaceae,Lilás,,Zigomorfa,,não,Néctar,
07/01/25,13:09,Verão,Sol,Estrada da Torre (PEM),Apinae,Eucerini,Trichocerapis,mirabilis,Trichocerapis mirabilis,,207,,,,,,,,,,,
16/12/22,9:40,Primavera,Sol/nuvens,PNMSM (SEDE),Apinae,Eucerini,Trichocerapis,mirabilis,Trichocerapis mirabilis,,Foi pro matheus,A2,,Saranthe sp.,Marantaceae,Branca,Amarelo,Assimétrica,,Não,Néctar,Sim
14/06/24,08:40,Inverno,Sol,Estrada da Torre (PEM),Apinae,Meliponini,Trigona,sp.1,Trigona sp.1,,71,D2,,Caliandra sp.,Fabaceae,Rosa (?),,Actinomorfa,,Não,Pólen,
14/06/24,10:10,Inverno,Sol,Estrada da Torre (PEM),Apinae,Meliponini,Trigona,sp.1,Trigona sp.1,,77,D8,,Brillantaisia lamium,Acanthaceae,lilás,,Zigomorfa,,,Néctar,
21/06/24,10:00,Inverno,Sol,Estrada da Torre (PEM),Apinae,Meliponini,Trigona,sp.1,Trigona sp.1,,82,D13,,Begonia huegelii ,Begoniaceae,Branca,,Zigomorfa,,Não,Pólen,
13/12/24,06:50,Primavera,Sol/nuvens,PNMSM (SEDE),Apinae,Meliponini,Trigona,sp.1,Trigona sp.1,,167,,,Miconia dodecandra,Melastomataceae,Branca,Amarela,Zigomorfa,,Não,Pólen,
13/12/24,06:50,Primavera,Sol/nuvens,PNMSM (SEDE),Apinae,Meliponini,Trigona,sp.1,Trigona sp.1,,168,,,Miconia dodecandra,Melastomataceae,Branca,Amarela,Zigomorfa,,Não,Pólen,
13/12/24,10:15,Primavera,Sol/nuvens,PNMSM (SEDE),Apinae,Meliponini,Trigona,sp.1,Trigona sp.1,,171,,,Psychotria leiocarpa,Rubiaceae,Branca,Amarela,Actinomorfa,,,Néctar,
21/09/24,11:10,Inverno,Sol,R. Caminho da Serra (Z.A.),Apinae,Meliponini,Trigona,spinipes,Trigona spinipes,,110,B25,,Andira anthelmia,Fabaceae,Rosa,Branca,Zigomorfa,,Sim,,
08/11/23,?,Primavera,?,Estrada da Torre (PEM),Apinae,Tapinotaspidini,Trigonopedia,ferruginea,Trigonopedia ferruginea,,9,D1,,Begonia concinna,Begoniaceae,Branca,Amarela,Zigomorfa,,Não,Néctar,
28/11/24,11:47,Primavera,Sol,Estrada da Torre (PEM),Apinae,Tapinotaspidini,Trigonopedia,ferruginea,Trigonopedia ferruginea,,160,D41,,Begonia concinna,,,,,,,,
16/12/24,14:29,Primavera,Nublado,Trilha torre/lagoa azul (PEM),Apinae,Tapinotaspidini,Trigonopedia,ferruginea,Trigonopedia ferruginea,,Avistamento,,,Psychotria leiocarpa,Rubiaceae,Branca,Amarela,Actinomorfa,,,Néctar,
21/09/24,10:30,Inverno,Sol,R. Caminho da Serra (Z.A.),Apinae,Xylocopini,Xylocopa,brasilianorum,Xylocopa brasilianorum,,101,B16,,Andira anthelmia,Fabaceae,Rosa,Branca,Zigomorfa,,Sim,Néctar,
21/09/24,10:40,Inverno,Sol,R. Caminho da Serra (Z.A.),Apinae,Xylocopini,Xylocopa,frontalis,Xylocopa frontalis,,107,B22,,Andira anthelmia,Fabaceae,Rosa,Branca,Zigomorfa,,Sim,Néctar,
21/09/24,10:50,Inverno,Sol,R. Caminho da Serra (Z.A.),Apinae,Xylocopini,Xylocopa,frontalis,Xylocopa frontalis,,108,B23,,Andira anthelmia,Fabaceae,Rosa,Branca,Zigomorfa,,Sim,Néctar,
13/12/24,08:35,Primavera,Sol/nuvens,PNMSM (SEDE),Apinae,Xylocopini,Xylocopa,frontalis,Xylocopa frontalis,,Avistamento,,,Miconia dodecandra,Melastomataceae,Branca,Amarela,Zigomorfa,,Não,Pólen,